id,label,sentence,pos
782,0,The third point is our tickets were not reduced at all !,DT JJ NN VBZ PRP$ NNS VBD RB VBN IN DT . 
12,0,What are you going to do without a phone ?,WP VBP PRP VBG TO VB IN DT NN . 
1212,1,Now I have a cold because it was so cold evening .,RB PRP VBP DT NN IN PRP VBD RB JJ NN . 
171,0,But everything was terrible and different to your advertisement .,CC NN VBD JJ CC JJ IN PRP$ NN . 
598,0,You should have let us have that information in advance .,PRP MD VB VBN PRP VB DT NN IN NN . 
1239,1,I think that good shopping depends on ourself .,PRP VBP IN JJ NN VBZ IN NN . 
260,0,Then how has it changed our daily life ?,RB WRB VBZ PRP VBD PRP$ JJ NN . 
925,0,Is n't it a great opportunity for us ?,VBZ RB PRP DT JJ NN IN PRP . 
1324,1,I 'm very happy to receive some news about you .,PRP VB RB JJ TO VB DT NNS IN PRP . 
678,0,I have lots of memories which I could never forget .,PRP VBP NNS IN NNS WDT PRP MD RB VB . 
1113,1,"To sum up , I believe your advertisement completely misled .","TO VB RP , PRP VBP PRP$ NN RB VBD . "
704,0,But you must always be on your guard against pickpockets .,CC PRP MD RB VB IN PRP$ NN IN NNS . 
332,0,But everyone always saw from his face he had a secret .,CC NN RB VBD IN PRP$ NN PRP VBD DT NN . 
355,0,You should go there .,PRP MD VB RB . 
138,0,I play guard on my team .,PRP VBP NN IN PRP$ NN . 
381,0,This is not a taboo subject with me and my friends .,DT VBZ RB DT JJ NN IN PRP CC PRP$ NNS . 
292,0,They keep claiming that there 's nothing better than shopping .,PRP VBP VBG IN EX VBZ NN JJR IN NN . 
1100,1,That goes quicker and it is easier for me .,DT VBZ RBR CC PRP VBZ JJR IN PRP . 
771,0,"Dear Mrs Ryan ,",JJ NNP NNP . 
141,0,I am good at timing on swimming .,PRP VBP JJ IN NN IN NN . 
691,0,Technology will not stop growing and helping people in the future .,NN MD RB VB VBG CC VBG NNS IN DT NN . 
1182,1,There is a academic building .,EX VBZ DT JJ NN . 
560,0,"That means , our security system will be much stronger .","RB VBZ , PRP$ NN NN MD VB RB JJR . "
139,0,I also like tennis but I am not very good .,PRP RB VBP NN CC PRP VBP TO RB JJ . 
1329,1,The architecture bring you back into the old time .,DT NN VBP PRP RP IN DT JJ NN . 
1102,1,"Secondly , some concerts took a place in really small halls .","RB , DT NNS VBD DT NN IN RB JJ NNS . "
224,0,"Today , this kind of thing hardly ever happens !","NN , DT NN IN NN RB RB VBZ . "
582,0,They are addicted to buying things .,PRP VBP JJ TO VBG NNS . 
274,0,I had a lot of fun there .,PRP VBD DT NN IN NN RB . 
323,0,Further I would prefer a tent .,RB PRP MD VB DT NN . 
1057,1,"It 's nonsense , was n't it ?","PRP VBZ NN , VBD RB PRP . "
409,0,Do I need to take very many clothes ?,VBP PRP VB TO VB RB JJ NNS . 
325,0,In the advertisement you told me I would get a discount .,IN DT NN PRP VBD PRP PRP MD VB DT NN . 
599,0,I have been the happiest woman since I got your letter .,PRP VBP VBN DT JJS NN IN PRP VBD PRP$ NN . 
299,0,Instead of hating shopping they would enjoy shopping .,RB IN VBG VBG PRP MD VB VBG . 
1235,1,They grow up and became wise .,PRP VBP RP CC VBD JJ . 
792,0,"Dear Mrs Smith ,","JJ NN NNP , "
551,0,That 's the nature of human beings .,DT VBZ DT NN IN NN NNS . 
1254,1,"Every Friday , they enjoy a special game for check vocabulary .","DT NNP , PRP VBP DT JJ NN IN VB NN . "
721,0,I got up very early .,PRP VBD RP RB RB . 
1220,1,And their life passed in the ways .,CC PRP$ NN VBD IN DT NNS . 
778,0,"First of all , thank you for the good programme .","RB IN DT , VBP PRP IN DT JJ NN . "
715,0,A lot of circumstances will arise .,DT NN IN NNS MD VB . 
839,0,I was really pleased to receive your letter .,PRP VBD RB JJ TO VB PRP$ NN . 
610,0,"Nowadays , fashion plays a big role in our daily life .","RB , NN VBZ DT JJ NN IN PRP$ JJ NN . "
949,1,The servants from the Moon picked her up to the Moon .,DT NNS IN DT NN VBD PRP RP IN DT NN . 
736,0,I am quite good at tennis .,PRP VBP RB JJ IN NN . 
628,0,I hope you will take my proposal into consideration .,PRP VBP PRP MD VB PRP$ NN IN NN . 
730,0,science and technology are mainly responsible for this .,NN CC NN VBP RB JJ IN DT . 
1092,1,Also I got two questions to ask you .,RB PRP VBD CD NNS TO VB PRP . 
479,0,It was very nice to hear from you .,PRP VBD RB JJ TO VB IN PRP . 
617,0,I am very pleased to be the winner in your competition .,PRP VBP RB JJ TO VB DT NN IN PRP$ NN . 
1325,1,But it happenned the opposite .,CC PRP VBD DT NN . 
321,0,You can talk to all people living all around the world .,PRP MD VB IN DT NNS VBG RB IN DT NN . 
885,0,I was exhausted when the concert finished .,PRP VBD JJ WRB DT NN VBD . 
1112,1,I have got a few things to complain about your theart .,PRP VBP VBD DT JJ NNS TO VB IN PRP$ NN . 
898,0,"Dear manager of the theatre ,",JJ NN IN DT NN . 
1047,1,I am very disappointing at this evening 's show .,PRP VBP RB JJ IN DT NN POS NN . 
1259,1,This scaring dark is still affecting my life now .,DT VBG NN VBZ RB VBG PRP$ NN RB . 
39,0,The first thing that disappointed me was the star .,DT JJ NN WDT VBD PRP VBD DT NN . 
30,0,The quality of life is very low .,DT NN IN NN VBZ RB JJ . 
242,0,My friends and I demand our money back very soon .,PRP$ NNS CC PRP VBP PRP$ NN RB RB RB . 
739,0,I am not a typical woman because I hate shopping !,PRP VBP RB DT JJ NN IN PRP VBP NN . 
1234,1,I can buy something from internet .,PRP MD VB NN IN NN . 
136,0,I hope you consider these suggestions .,PRP VBP PRP VBP DT NNS . 
310,0,Thanks for your letter .,NNS IN PRP$ NN . 
1127,1,But cars created pollution : for exemple the green house effect .,CC NNS VBD NN : IN NN DT JJ NN NN . 
584,0,I 'd like to suggest this - concerning plays and films .,PRP MD VB TO VB DT HYPH VBG NNS CC NNS . 
478,0,It seems that going shopping is a reason for living .,PRP VBZ IN VBG VBG VBZ DT NN IN NN . 
1213,1,You will have a good time for shopping .,PRP MD VB DT JJ NN IN NN . 
1108,1,Evenmore we can enjoy our night with lights .,RB PRP MD VB PRP$ NN IN NNS . 
1342,1,I could n't change his mind although I 've tried everything .,PRP MD RB VB PRP$ NN IN PRP VBP VBN NN . 
1231,1,"On the other side , I feel free at home .","IN DT JJ NN , PRP VBP JJ IN NN . "
3,0,"Therefore , it is impossible for journalists to stop chasing them .","RB , PRP VBZ JJ IN NNS TO VB VBG PRP . "
111,0,A different actor appeared instead of him .,DT JJ NN VBD RB IN PRP . 
924,0,Her servants from the Moon carried her up to the Moon .,PRP$ NNS IN DT NN VBD PRP IN IN DT NN . 
1166,1,It was very interesting experience for me .,PRP VBD RB JJ NN IN PRP . 
1178,1,It could be good memorable thing for me .,PRP MD VB JJ JJ NN IN PRP . 
1033,1,Have you ever imagined that you would drive electric car !,VBP PRP RB VBN IN PRP MD VB JJ NN . 
650,0,"At golf , we are both total beginners .","IN NN , PRP VBP RB JJ NNS . "
938,0,After the concert I left with Ricky Martin .,IN DT NN PRP VBD IN NNP NNP . 
376,0,But neither Kim nor anyone else found Pat .,CC CC NNP CC NN JJ VBD NNP . 
1089,1,More and more people are connecting through the net .,JJR CC JJR NNS VBP VBG IN DT NN . 
453,0,I hope to hear from you soon,PRP VBP TO VB IN PRP RB 
1106,1,Take care of youself .,VB NN IN PRP . 
314,0,I am a beginner at swimming and also at singing .,PRP VBP DT NN IN NN IN RB IN NN . 
439,0,I liked seeing their way of life .,PRP VBD VBG PRP$ NN IN NN . 
442,0,"I think of an internet . """,PRP VBP IN DT NN . `` 
1347,1,I do not want to spend much time with computers .,PRP VBP RB VB TO VB JJ NN IN NNS . 
319,0,There 're even computer chips in cars and washing machines .,EX VBP RB NN NNS IN NNS CC NN NNS . 
852,0,The statue is protected by guards .,DT NN VBZ VBN IN NNS . 
1067,1,Please do not hesitate to contact me for some more information .,UH VB RB VB TO VB PRP IN DT JJR NN . 
5,0,"Technology improves our lives ,","NN VBZ PRP$ NNS , "
100,0,I was just 15 years old .,PRP VBD RB CD NNS JJ . 
424,0,I 'd like to do climbing and sailing .,PRP MD VB TO VB NN CC NN . 
803,0,It will be a fantastic experience for me .,PRP MD VB DT JJ NN IN PRP . 
1310,1,"At that time he was unconcious ,","IN DT NN PRP VBD JJ , "
624,0,"Unfortunately , Pat was n't good at keeping secrets .","RB , NNP VBD RB JJ IN VBG NNS . "
936,0,"In particular , the sightseeing by bus should be enjoyable .","IN NN , DT NN IN NN MD VB JJ . "
423,0,I have sent you some photographs of me with the band .,PRP VBP VBN PRP DT NNS IN PRP IN DT NN . 
1023,1,A pop concert had ten pop bands .,DT NN NN VBD CD NN NNS . 
767,0,What 's my fund limit ?,WP VBZ PRP$ NN NN . 
636,0,Pat is one of my colleagues from the office .,PRP VBZ NN IN PRP$ NNS IN DT NN . 
1103,1,That made me so disappointed .,DT VBD PRP RB JJ . 
1031,1,Who know ?,WP VBP . 
227,0,It was this last point that got me angry .,PRP VBD DT JJ NN WDT VBD PRP JJ . 
1124,1,That was very disapponted .,DT VBD RB JJ . 
697,0,"No , I 'm only a daughter of technology .","UH , PRP VBP RB DT NN IN NN . "
1334,1,- of benefice and each us take 400 .,HYPH IN NN CC DT PRP VB CD . 
807,0,I think not .,PRP VBP RB . 
66,0,Can you imagine the new house ?,MD PRP VB DT JJ NN . 
1211,1,In basketball I have more practise then in tennis .,IN NN PRP VBP JJR NN IN IN NN . 
813,0,"However , those days were unforgettable for me .","RB , DT NNS VBD JJ IN PRP . "
211,0,I do n't have any equipment .,PRP VBP RB VB DT NN . 
1203,1,Also I think that dance shows should include different styles of dancing,RB PRP VBP IN NN NNS MD VB JJ NNS IN NN 
588,0,Next thing you have to do is try them on .,JJ NN PRP VBP TO VB VBZ VB PRP RP . 
903,0,That replacement really disappointed me .,DT NN RB VBD PRP . 
1296,1,We could be filmed the class room too .,PRP MD VB VBN DT GW NN RB . 
1337,1,Will it be possible to join a surf school ?,MD PRP VB JJ TO VB DT NN NN . 
1308,1,he just has sweet-looking .,PRP RB VBZ JJ . 
752,0,"Dear Mrs Smith ,",JJ NN NNP . 
543,0,We were hungry and angry this time .,PRP VBD JJ CC JJ DT NN . 
1216,1,It takes five minutes to get my college by walking .,PRP VBZ CD NNS TO VB PRP$ NN IN VBG . 
858,0,Another one is how much money I have to bring .,DT NN VBZ WRB JJ NN PRP VBP TO VB . 
1262,1,I was draged to learn sailing .,PRP VBD VBN TO VB VBG . 
1006,1,"I mean , I wo n't get sick in them !","PRP VBP , PRP MD RB VB JJ IN PRP . "
273,0,"Except in some very extraordinary cases , no .","IN IN DT RB JJ NNS , UH . "
594,0,We look forward to hearing from you regarding this matter .,PRP VBP RB IN VBG IN PRP VBG DT NN . 
362,0,Do I need a passport to travel ?,VBP PRP VB DT NN TO VB . 
2,0,The tower is absolutely marvellous .,DT NN VBZ RB JJ . 
6,0,We can love them without disturbing them too .,PRP MD VB PRP IN VBG PRP RB . 
311,0,"Dear Mrs Clark ,",JJ NN NNP . 
1195,1,How much money I can spent during this time ?,WRB JJ NN PRP MD VBD IN DT NN . 
770,0,"Especially , it does not cost anything at all for students .","RB , PRP VBZ RB VB NN IN DT IN NNS . "
1333,1,I am writing to explain some aspects about your show .,PRP VBP VBG TO VB DT NNS IN PRP$ NN . 
215,0,I would like to choose surfing as my second activity .,PRP MD VB TO VB NN IN PRP$ JJ NN . 
820,0,I am sure everybody likes one of them .,PRP VBP JJ NN VBZ CD IN PRP . 
27,0,Let me answer these questions .,VB PRP VB DT NNS . 
943,0,"I hope you are doing well ,","PRP VBP PRP VBP VBG RB , "
710,0,"You are on the road , you have a car accident .","PRP VBP IN DT NN , PRP VBP DT NN NN . "
1205,1,"Firstly , Danny Brook did not act as you had said .","RB , NNP NNP VBD RB VB IN PRP VBD VBN . "
621,0,We do n't have to know about their every second .,PRP VBP RB VB TO VBP IN PRP$ DT NN . 
679,0,"For the activities , I choose the golf and the surfing","IN DT NNS , PRP VBP DT NN CC DT NN "
695,0,"On the night of the concert , I worked as well .","IN DT NN IN DT NN , PRP VBD RB RB . "
256,0,Please answer my letter as soon as possible .,UH VB PRP$ NN RB RB IN JJ . 
25,0,Another problem I had was with the time of the performance .,DT NN PRP VBD VBD IN DT NN IN DT NN . 
336,0,It will be in the Central Exhibition Hall in London .,PRP MD VB IN DT NNP NNP NNP IN NNP . 
47,0,"Personally , I do think televisions are the most important invention .","RB , PRP VBP VB NNS VBZ DT RBS JJ NN . "
106,0,In fact all the audience were very disappointed .,IN NN PDT DT NN VBD RB JJ . 
1011,1,I usually stay a tent during camping .,PRP RB VBP DT NN IN VBG . 
55,0,The uniform we wear has to be perfect .,DT NN PRP VBP VBZ TO VB JJ . 
665,0,I would never have expected that I could be so deceived .,PRP MD RB VB VBN IN PRP MD VB RB JJ . 
213,0,A log cabin does n't sound like a camping holiday .,DT NN NN VBZ RB VB IN DT NN NN . 
120,0,It was a perfectly terrible evening out .,PRP VBD DT RB JJ NN RB . 
754,0,I am a student at London College studying English .,PRP VBP DT NN IN NNP NNP VBG NNP . 
921,0,But in the newspaper there was said to be a discount .,CC IN DT NN EX VBD VBN TO VB DT NN . 
72,0,"In fact , I had .","IN NN , PRP VBD . "
643,0,And that made the concert absolutely perfect .,CC DT VBD DT NN RB JJ . 
1255,1,So you would spend more money you have expected .,RB PRP MD VB JJR NN PRP VBP VBN . 
45,0,Now I will give you the information which you asked for .,RB PRP MD VB PRP DT NN WDT PRP VBD IN . 
1013,1,I dared to ask him and he told me his truth .,PRP VBD TO VB PRP CC PRP VBD PRP PRP$ NN . 
523,0,I look forward to receiving a reply to my enquiry .,PRP VBP RB IN VBG DT NN IN PRP$ NN . 
712,0,Although you mentioned them in your advertisement .,IN PRP VBD PRP IN PRP$ NN . 
707,0,I am writing to you about your questions .,PRP VBP VBG IN PRP IN PRP$ NNS . 
654,0,I might have lots of chances to take photos of beautiful countryside,PRP MD VB NNS IN NNS TO VB NNS IN JJ NN 
533,0,The tube is line 2 which is red .,DT NN VBZ NN CD WDT VBZ JJ . 
465,0,That is why I ca n't swim yet .,DT VBZ WRB PRP MD RB VB RB . 
882,0,"Suddenly , the burglar alarm came on .","RB , DT NN NN VBD RB . "
1155,1,"actually he is n't different from other boys at all ,","RB PRP VBZ RB JJ IN JJ NNS RB RB , "
982,1,That 's the best suitable accomodation for a camping .,DT VBZ DT JJS JJ NN IN DT NN . 
60,0,"However , it was closed because it was being decorated .","RB , PRP VBD JJ IN PRP VBD VBG VBN . "
92,0,Or would our house itself be alive ?,CC MD PRP$ NN PRP VBZ JJ . 
579,0,"Or do you think , an ice age will come ?","CC VBP PRP VB , DT NN NN MD VB . "
194,0,Only teachers can use them .,RB NNS MD VB PRP . 
280,0,Hope to hear from you soon,VB TO VB IN PRP RB 
359,0,Another one appeared in the show .,DT PRP VBD IN DT NN . 
519,0,We were enjoying ourselves at her home celebrating her birthday .,PRP VBD VBG PRP IN PRP$ NN VBG PRP$ NN . 
1000,1,I 'm looking forward to hearing you again .,PRP VBP VBG RB IN VBG PRP RB . 
634,0,It is one of the hobbies for women especially .,PRP VBZ CD IN DT NNS IN NNS RB . 
182,0,We ca n't listen to music in class either .,PRP MD RB VB IN NN IN NN RB . 
110,0,Have you ever thought about a world without the phone ?,VBP PRP RB VBN IN DT NN IN DT NN . 
893,0,And said just be careful .,CC VBD RB VB JJ . 
1164,1,"Secondly , for some points , it can educate young children .","RB , IN DT NNS , PRP MD VB JJ NNS . "
204,0,We see on the advertisement that discounts are available .,PRP VB IN DT NN IN NNS VBZ JJ . 
1343,1,I 'm writing to give you the information you wanted .,PRP VBP VBG TO VB PRP DT NN PRP VBD . 
1022,1,I hope I 'll be able to travel on July .,PRP VBP PRP MD VB JJ TO VB IN NNP . 
545,0,With it people do their work more quickly and successfully .,IN PRP NNS VBP PRP$ NN RBR RB CC RB . 
816,0,It made me so disappointed and angry .,PRP VBD PRP RB JJ CC JJ . 
1008,1,"In a bamboo forest , he found a shining bamboo .","IN DT NN NN , PRP VBD DT VBG NN . "
700,0,"It sounds easy , just doing the lighting .","PRP VBZ JJ , RB VBG DT NN . "
622,0,Can you give me this information ?,MD PRP VB PRP DT NN . 
183,0,You asked me about an interesting building to visit .,PRP VBD PRP IN DT JJ NN TO VB . 
137,0,Visitors could learn plays with professionals .,NNS MD VB NNS IN NNS . 
798,0,"However , there was something good for me .","RB , EX VBD NN JJ IN PRP . "
80,0,"It takes 25 minutes , which is convenient for us .","PRP VBZ CD NNS , WDT VBZ JJ IN PRP . "
1098,1,"There were nor bridge nor a canoe ,","EX VBD CC NN CC DT NN , "
1001,1,I am looking forward to your reply letter .,PRP VBP VBG RB IN PRP$ NN NN . 
541,0,I 'm very disappointed by all these problems !,PRP VBP RB JJ IN PDT DT NNS . 
1312,1,I also needed some information on the money I will take .,PRP RB VBD DT NN IN DT NN PRP MD VB . 
480,0,Do I need a lot of money etc. for the different excursions,VBP PRP VB DT NN IN NN FW IN DT JJ NNS 
165,0,Concerning the activities that you have listed,VBG DT NNS WDT PRP MD VBD 
248,0,It was too few for this festival .,PRP VBD RB JJ IN DT NN . 
307,0,I think it affects you more than you think .,PRP VBP PRP VBZ PRP JJR IN PRP VBP . 
964,1,you 'll see al the generations who passed here .,PRP MD VB PDT DT NNS WP VBD RB . 
874,0,"I wish you had been there and seen the concert ,","PRP VBP PRP VBD VBN RB CC VBN DT NN , "
334,0,I have chosen as my activities surfing and photography .,PRP VBP VBN IN PRP$ NNS NN CC NN . 
97,0,"It was about Marine , who was our close friend .","PRP VBD IN NNP , WP VBD PRP$ JJ NN . "
1125,1,Hope hearing from you .,VB VBG IN PRP . 
774,0,and we are practising these things .,CC PRP VBP VBG DT NNS . 
1249,1,Some days ago my class had a big discussion about shopping .,DT NNS RB PRP$ NN VBD DT JJ NN IN NN . 
1114,1,And you can see the their clothes also .,CC PRP MD VB PDT PRP$ NNS RB . 
868,0,"14 , March , and is open from 10:00 to 19:00 .","CD , NNP , CC VBZ JJ IN CD IN CD . "
1207,1,I 'd like to know USA .,PRP MD VB TO VB NNP . 
720,0,I never go shopping unless I really need something .,PRP RB VBP VBG RB PRP RB VBP NN . 
1224,1,people will be able to locate us arround the world .,NNS MD VB JJ TO VB PRP IN DT NN . 
302,0,Thank you for asking me for some details .,VB PRP IN VBG PRP IN DT NNS . 
1208,1,I also agree with you about the ticket 's prize .,PRP RB VBP IN PRP IN DT NN POS NN . 
388,0,I think it is worthwhile seeing it .,PRP VBP PRP VBZ JJ VBG PRP . 
235,0,I had enjoyed my wonderful experience so much .,PRP VBD VBN PRP$ JJ NN RB RB . 
1351,1,We are look forward to hearing from you,PRP VBP VB RB IN VBG IN PRP 
899,0,It was hard but also fun work .,PRP VBD JJ CC RB JJ NN . 
305,0,And I was wondering how much money I have to take .,CC PRP VBD VBG WRB JJ NN PRP VBP TO VB . 
974,1,"Modern technology changed our lifes in many ways ,","JJ NN VBD PRP$ NNS IN JJ NNS , "
1097,1,For it the only one that I can travel is July .,IN PRP DT JJ CD IN PRP MD VB VBZ NNP . 
249,0,It is one of the fun things in our life .,PRP VBZ CD IN DT JJ NNS IN PRP$ NN . 
958,1,So the main rule in our school is regarding theachers .,RB DT JJ NN IN PRP$ NN VBZ VBG NNS . 
940,0,"Also , there are two activities that should be filmed .","RB , EX VBP CD NNS WDT MD VB VBN . "
71,0,The restaurant was closed because there was n't any electricity .,DT NN VBD JJ IN EX VBD RB DT NN . 
94,0,"However , we would like to suggest something :","RB , PRP MD VB TO VB NN : "
693,0,"Computers have changed my lifestyle , my opinions about the world .","NNS VBP VBD PRP NN , PRP$ NNS IN DT NN . "
33,0,In contrast to the advertisement everything was disappointing .,IN NN IN DT NN NN VBD JJ . 
1040,1,But how it affect to my daily life ?,CC WRB PRP VBP IN PRP$ JJ NN . 
448,0,So I paid for the ticket .,RB PRP VBD IN DT NN . 
445,0,"The more I saw her , the more determined I became .","DT RBR PRP VBD PRP , DT RBR JJ PRP VBD . "
1035,1,Girls ca n't make up on at school at all .,NNS MD RB VB RP RP IN NN IN DT . 
990,1,As the home is built on the sky .,IN DT NN VBZ VBN IN DT NN . 
859,0,I got confused and was disappointed again .,PRP VBD JJ CC VBD JJ RB . 
77,0,"One day , we were sitting in the dinning-hall as usual .","CD NN , PRP VBD VBG IN DT NN RB JJ . "
84,0,I 'll tell you the two activities I chose .,PRP MD VB PRP DT CD NNS PRP VBD . 
727,0,"Therefore , I would like you to refund some money .","RB , PRP MD VB PRP TO VB DT NN . "
82,0,"I have received your letter , which makes me happy .","PRP VBP VBN PRP$ NN , WDT VBZ PRP JJ . "
457,0,To conclude we could film our teachers ' lives too .,TO VB PRP MD VB PRP$ NNS POS NNS RB . 
810,0,Modern life has been full of science and technology .,JJ NN VBZ VBN JJ IN NN CC NN . 
934,0,"However , I have some proposals for its improvement next year .","RB , PRP VBP JJ NNS IN PRP$ NN JJ NN . "
436,0,And I would love to learn surfing and painting .,CC PRP MD VB TO VB VBG CC VBG . 
644,0,But what about 100 years later ?,CC WP IN CD NNS RB . 
743,0,I had to make the fans keep in a queue .,PRP VBD TO VB DT NNS VB IN DT NN . 
1080,1,Please reply for me as soon as possible,UH VB IN PRP RB RB IN JJ 
404,0,"In particular , the computer has changed my daily life dramatically .","IN NN , DT NN VBZ VBN PRP$ JJ NN RB . "
1179,1,Than you for reading .,VB PRP IN VBG . 
1170,1,There was beach our town .,EX VBD NN PRP$ NN . 
1088,1,Students are talking to each other when they are having break .,NNS VBP VBG IN DT JJ WRB PRP VBP VBG NN . 
104,0,It is fantastic .,PRP VBZ JJ . 
609,0,Do you dream of being a star ?,VBP PRP VB IN VBG DT NN . 
682,0,The library is very important in our daily life .,DT NN VBZ RB JJ IN PRP$ JJ NN . 
764,0,I look forward to the next festival very much .,PRP VBP RB TO DT JJ NN RB RB . 
62,0,Will you give me some pocket-money during the trip ?,MD PRP VB PRP DT NN IN DT NN . 
281,0,"But suddenly , there were only Pat and me left .","CC RB , EX VBD RB NNP CC PRP RB . "
832,0,I had read that it was a very enjoyable show !,PRP VBD VBN IN PRP VBD DT RB JJ NN . 
238,0,So all you need to improve things are larger concert halls .,RB DT PRP VBP TO VB NNS VBP JJR NN NNS . 
223,0,"Teaching pupils is not easy , of course .","VBG NNS VBZ RB JJ , RB RB . "
145,0,So why did you make this invitation ?,RB WRB VBD PRP VB DT NN . 
1261,1,"This show is held in Central Exhibition Hall , London on Tue.","DT NN VBZ VBN IN NNP NNP NNP , NNP IN NNP "
373,0,I hope this letter can help you with enough information .,PRP VBP DT NN MD VB PRP IN JJ NN . 
118,0,"And always , everybody did it surprisingly well .","CC RB , NN VBD PRP RB RB . "
1018,1,"Caroline discovered everything , and argued with the infidel couple .","NNP VBD NN , CC VBD IN DT JJ NN . "
250,0,"Regarding accommodation , I think tents would be great .","VBG NN , PRP VBP NNS MD VB JJ . "
1301,1,This let Nick very embrassed and got hurt .,DT VBD NNP RB JJ CC VBD VBN . 
9,0,Whereas the advertisement promised stars from around the world .,RB DT NN VBD NNS IN IN DT NN . 
449,0,I expected to see a variety of nationalities .,PRP VBD TO VB DT NN IN NNS . 
255,0,I do not have words to express how happy I am .,PRP VBP RB VBP NNS TO VB WRB JJ PRP VBP . 
593,0,Technology is also important in another area for me .,NN VBZ RB JJ IN DT NN IN PRP . 
389,0,"Secondly , accommodation .","RB , NN . "
787,0,Hungbu had nothing but his family of twelve .,PRP VBD NN CC PRP$ NN IN CD . 
1257,1,"I am writing to you , in reply for your letter .","PRP VBP VBG IN PRP , IN NN IN PRP$ NN . "
557,0,My job was very easy .,PRP$ NN VBD RB JJ . 
460,0,Because of the crowds .,IN IN DT NNS . 
1245,1,This is the highest building in Tokyo .,DT VBZ DT JJS NN IN NNP . 
144,0,"in fact , money and celebrity do n't always bring happiness .","IN NN , NN CC NN VBP RB RB VB NN . "
501,0,A lot of famous people have been to this library !,DT NN IN JJ NNS VBZ VBN IN DT NN . 
1248,1,Picking the best cake he was preparing to go back .,VBG DT JJS NN PRP VBD VBG TO VB RB . 
539,0,I find it more sociable than a log cabin .,PRP VBP PRP RBR JJ IN DT NN NN . 
177,0,I look forward to hearing soon .,PRP VB RB IN VBG RB . 
1303,1,I thought it was most exciting job .,PRP VBD PRP VBD RBS JJ NN . 
772,0,What do I have to pay myself ?,WP VBP PRP VBP TO VB PRP . 
1139,1,it 's the Palace Hotel .,PRP VBZ DT NNP NNP . 
1274,1,I wish you answer me soon .,PRP VBP PRP VBP PRP RB . 
857,0,The restaurant was closed because of illness . . whose ?,DT NN VBD JJ IN IN NN . . WP . 
1345,1,I would willingly like to choose swimming and painting .,PRP MD RB VB TO VB NN CC NN . 
7,0,She was the boss in this story .,PRP VBD DT NN IN DT NN . 
706,0,I count on my experience .,PRP VB IN PRP$ NN . 
667,0,My favourite sports are climbing and surfing .,PRP$ JJ NNS VBP NN CC NN . 
1201,1,or you are going to get nervous !,CC PRP VBP VBG TO VB JJ . 
357,0,He does n't like to stay at home alone .,PRP VBZ RB VB TO VB IN NN RB . 
329,0,"As for accommodation at Camp California , I prefer a tent .","IN IN NN IN NNP NNP , PRP VBP DT NN . "
889,0,I look forward to hearing from you .,PRP VBP RB IN VBG IN PRP . 
1039,1,"However , I am very enjoying playing tennis .","RB , PRP VBP RB VBG VBG NN . "
1315,1,It was a desaster and I am telling you why .,PRP VBD DT NN CC PRP VBP VBG PRP WRB . 
258,0,He wanted everything that his eyes saw .,PRP VBD NN WDT PRP$ NNS VBD . 
1264,1,"However , something wrong came up again .","RB , NN JJ VBD RB RB . "
372,0,I ca n't understand this kind of mistake .,PRP MD RB VB DT NN IN NN . 
979,1,"And nowadays , I have been practicing tennis as school activity .","CC RB , PRP VBP VBN VBG NN IN NN NN . "
759,0,"However , some concert halls were too small .","RB , DT NN NNS VBD RB JJ . "
142,0,I look forward to hearing from you .,PRP VBP RB TO VBG IN PRP . 
525,0,"More and more people , everywhere , are becoming shopping addicts .","JJR CC JJR NNS , RB , VBZ VBG NN NNS . "
1030,1,I have booked a hotel not far off from our school .,PRP VBP VBN DT NN RB RB RB IN PRP$ NN . 
828,0,I am so amazed about winning the competition .,PRP VBP RB JJ IN VBG DT NN . 
1024,1,The entery will be free .,DT NN MD VB JJ . 
1285,1,One day Peter killed one boy .,CD NN NNP VBD CD NN . 
440,0,We are young and we are all interested in fashion .,PRP VBP JJ CC PRP VBP RB JJ IN NN . 
531,0,"Leon hates dogs , and I do n't know why .","NNP VBZ NNS , CC PRP VBP RB VB WRB . "
923,0,I can imagine myself playing Golf on those beautiful Californian golf-courses .,PRP MD VB PRP VBG NN IN DT JJ JJ NNS . 
226,0,One of them is in the area of fashion .,CD IN PRP VBZ IN DT NN IN NN . 
861,0,I really envy your holiday in the sun .,PRP RB NN PRP$ VBP IN DT NN . 
228,0,The number of foreign students has recently been increasing .,DT NN IN JJ NNS VBZ RB VBN VBG . 
1173,1,Thank you and greetings .,VBP PRP CC NNS . 
212,0,The performance started forty-five minutes late .,DT NN VBD CD NNS RB . 
79,0,You wo n't believe how many famous people I met .,PRP MD RB VB WRB JJ JJ NN PRP VBD . 
148,0,and there is a very big park in the Castle .,CC EX VBZ DT RB JJ NN IN DT NN . 
948,1,I can imagine myself playing Golf in those beautiful Californian golf-courses .,PRP MD VB PRP VBG NN IN DT JJ JJ NNS . 
671,0,You are asked to go through the blue door .,PRP VBP VBN TO VB IN DT JJ NN . 
1046,1,"people use it to do anything they want to do ,","NNS VBP PRP TO VB NN PRP VBP TO VB , "
892,0,It opens from 8.00 am to 5.00 pm,PRP VBZ IN CD NN IN CD NN 
745,0,everywhere and all the time .,RB CC PDT DT NN . 
133,0,Because my summer holidays start at the end of June .,IN PRP$ NN NNS NN IN DT NN IN NNP . 
988,1,The modern technology helps people in many ways and is indespensible .,DT JJ NN VBZ NNS IN JJ NNS CC VBZ JJ . 
408,0,But it was completely different to what I had expected .,CC PRP VBD RB JJ IN PRP PRP VBD VBN . 
846,0,My life would n't be the same without this progress .,DT NN MD RB VB DT NN IN DT NN . 
507,0,"asked Philip , showing the keys to the car .","VBD NNP , VBG DT NNS IN DT NN . "
1070,1,"So that , I consider myself expirienced enough .","RB DT , PRP VBP PRP JJ RB . "
504,0,I looked at my watch : 20:45 .,PRP VBD IN PRP$ NN : CD . 
850,0,What about fashion in 100 years ?,WP IN NN IN CD NNS . 
347,0,And that will be a waste of time .,CC DT MD VB DT NN IN NN . 
386,0,That time I had to sleep in a tent .,DT NN PRP VBD TO VB IN DT NN . 
0,0,"By the way , I do not like to be alone .","IN DT NN , PRP VBP RB VB TO VB JJ . "
360,0,I waited and it became 8 o'clock pm - nothing happened .,PRP VBD CC PRP VBD CD NN NN HYPH NN VBD . 
1278,1,They were even talking jokes with me and other staff .,PRP VBD RB VBG NNS IN PRP CC JJ NN . 
475,0,But also I 'm aware that time flies for me .,CC RB PRP VBP JJ IN NN VBZ IN PRP . 
1158,1,"In fact , the notice had been showed since last winter .","IN NN , DT NN VBD VBN VBD IN JJ NN . "
1165,1,I am absolutely annoyed .,PRP VBP RB JJ . 
1319,1,Last week I and my family had a holiday in London .,JJ NN PRP CC PRP$ NN VBD DT NN IN NNP . 
952,1,The widow who was afaid told the man of the gold .,DT NN WP VBD JJ VBD DT NN IN DT NN . 
783,0,I remember some I watched on television when I was younger .,PRP VBP DT PRP VBD IN NN WRB PRP VBD JJR . 
172,0,The next task I was given was ironing costumes .,DT JJ NN PRP VBD VBN VBD VBG NNS . 
450,0,"I like taking photographs , in my room .","PRP VBP VBG NNS , IN PRP$ NN . "
125,0,"OK , write to me soon , huge hug and kisses","UH , VB IN PRP RB , JJ NN CC NNS "
806,0,Secondly the start of the show was far from punctual .,RB DT NN IN DT NN VBD RB IN JJ . 
530,0,And there is quite a good reason for that .,CC EX VBZ RB DT JJ NN IN DT . 
713,0,It provides all kinds of food .,PRP VBZ DT NNS IN NN . 
90,0,I 've just helped the staff .,PRP VBP RB VBN DT NN . 
1307,1,It said it will start at 19:30 .,PRP VBD PRP MD VB IN CD . 
181,0,"However , all the students are passive .","RB , PDT DT NNS VBP JJ . "
987,1,So I am quite confident with this .,RB PRP VBP RB JJ IN DT . 
414,0,It 's good that he is far away ...,PRP VBZ JJ IN PRP VBZ RB RB . 
251,0,I trusted him and told him the truth .,PRP VBD PRP CC VBD PRP DT NN . 
69,0,"Plays and films were good , there were n't enough .","NNS CC NNS VBD JJ , EX VBD RB JJ . "
131,0,This is the most terrible disadvantage technology has .,DT VBZ DT RBR JJ NN NN VBZ . 
300,0,The bus runs from in front of the hotel .,DT NN VBZ IN IN NN IN DT NN . 
842,0,Furthermore because I like to live in contact with nature .,RB IN PRP VBP TO VB IN NN IN NN . 
326,0,"' Shopping ' means buying goods for your daily requirements ,","`` NN '' VBZ VBG NNS IN PRP$ JJ NNS , "
1321,1,I was doing different activities from designering flier to selling tickets .,PRP VBD VBG JJ NNS IN VBG NN IN VBG NNS . 
998,1,Your sincerly,PRP$ RB 
499,0,"Finally , the restaurant which belongs to the theatre was closed .","RB , DT NN WDT VBZ IN DT NN VBD JJ . "
930,0,"However , it started at 20:15 .","RB , PRP VBD IN CD . "
364,0,I 'm fine thanks and my parents are also well .,PRP VBP JJ UH CC PRP$ NNS VBP RB RB . 
495,0,How are you ?,WRB VBP PRP . 
1258,1,Everyone gets a television at home .,NN VBZ DT NN IN NN . 
338,0,"I have a camera , it is a Minolta X300 .","PRP VBP DT NN , PRP VBZ DT NNP NNP . "
421,0,when she turned around talking and whispering started .,WRB PRP VBD RP VBG CC VBG VBD . 
164,0,It is the only month that I do n't work .,PRP VBZ DT JJ NN WDT PRP VBP RB VB . 
28,0,"If there are any more questions , please contact me .","IN EX VBP DT JJ NNS , UH VB PRP . "
516,0,One example in my life is home banking .,CD NN IN PRP$ NN VBZ NN NN . 
193,0,There are only ten computers in the school .,EX VBP RB CD NNS IN DT NN . 
799,0,I was so excited that I could n't believe it .,PRP VBD RB JJ IN PRP MD RB VB PRP . 
984,1,I prefer in tents .,PRP VBP IN NNS . 
169,0,People believe that the bird was sent from heaven .,NNS VBP IN DT NN VBD VBN IN NN . 
945,0,The bus will pick you up right at your hotel entrance .,DT NN MD VB PRP RP RB IN PRP$ NN NN . 
652,0,We would suggest going to this fabulous show .,PRP MD VB VBG IN DT JJ NN . 
173,0,I also had to clean the washrooms .,PRP RB VBD TO VB DT NNS . 
518,0,Sometimes there are advantages but there are some disadvantages too .,RB EX VBZ NNS CC EX VBZ DT NNS RB . 
1099,1,The story had began two days before ...,DT NN VBD VBN CD NNS RB . 
886,0,Technology is rapidly being improved .,NN VBZ RB VBG VBN . 
491,0,My life has been changed by technological advances .,PRP$ NN VBZ VBN VBN IN JJ NNS . 
73,0,The show takes place on 14th March from 10.00 - 19.00 .,DT NN VBZ NN IN NN NNP IN CD HYPH CD . 
1132,1,He respected and still loves it .,PRP VBD CC RB VBZ PRP . 
587,0,That was not true !,DT VBD RB JJ . 
978,1,"Especailly , Korean souvenir shops were felt to be extremely cheap .","RB , JJ NN NNS VBD VBN TO VB RB JJ . "
657,0,"On the other hand , shopping can be unenjoyable .","IN DT JJ NN , NN MD VB JJ . "
234,0,"However , there were not any .","RB , EX VBD RB DT . "
732,0,People were staring at me and laughing .,NNS VBD VBG IN NN CC VBG . 
214,0,"However , we have to consider our human nature .","RB , PRP VBZ TO VB PRP$ JJ NN . "
162,0,But I like different styles of art .,CC PRP VBP JJ NNS IN NN . 
132,0,I 'm a beginner at both activities .,PRP VBP DT NN IN DT NNS . 
1068,1,The modern technology has changed our daily life .,DT JJ NN VBZ VBN PRP$ JJ NN . 
926,0,"Finally , I have questions about clothes and money .","RB , PRP VBP NNS IN NNS CC NN . "
1111,1,It is n't easy giving an answer at this question .,PRP VBZ RB JJ VBG DT NN IN DT NN . 
185,0,I have never slept in tents when I went camping .,PRP VBP RB VBN IN NNS WRB PRP VBD VBG . 
41,0,And is it better to have cash or cheques ?,CC VBZ PRP JJR TO VB NN CC NNS . 
692,0,Why did you not change the names on your advertisement ?,WRB VBD PRP RB VB DT NNS IN PRP$ NN . 
108,0,"Then , the show started at 20.15 instead of 19.30 .","RB , DT NN VBD IN CD RB IN CD . "
38,0,"It 's connected with our house , our workplace etc.","PRP VBZ VBN IN PRP$ NN , PRP$ NN FW "
568,0,"Generally many women like shopping , including me .","RB JJ NNS VBP NN , VBG PRP . "
817,0,You can see the sign for the hotel .,PRP MD VB DT NN IN DT NN . 
1145,1,"There is only one thing we do n't agree with you ,","EX VBZ RB CD NN PRP VBP RB VB IN PRP , "
1299,1,That night I went to the stadium and I met the singer,DT NN PRP VBD IN DT NN CC PRP VBD DT NN 
483,0,The microphones all had to be checked .,DT NNS RB VBD TO VB VBN . 
468,0,Why film the school ?,RB VB DT NN . 
24,0,"In recent years , mordern technology has been developing increasingly .","IN JJ NNS , JJ NN VBZ VBN VBG RB . "
996,1,"Shopping is not always enjoyable ,","NN VBZ RB RB JJ , "
855,0,Everyone has had or will have one while shopping .,NN VBZ VBN CC MD VB CD IN VBG . 
1187,1,"Sir manager of the theatre ,",NNP NN IN DT NN . 
1143,1,Because most of them were from English speaking country this year .,IN JJS IN PRP VBD IN NNP VBG NN DT NN . 
366,0,"Actually , I do n't like tents so much .","RB , PRP VBP RB VB NNS RB RB . "
505,0,I especially liked that time .,PRP RB VBD DT NN . 
1189,1,Thank you for the amazing inform about the competition .,VBP PRP IN DT JJ NN IN DT NN . 
383,0,People used candles to see around them .,NNS VBD NNS TO VB IN PRP . 
734,0,I really liked the exhibitions .,PRP RB VBD DT NNS . 
717,0,I was really disappointed with your show .,PRP VBD RB JJ IN PRP$ NN . 
1202,1,I suggest you to try this kind of experience .,PRP VBP PRP TO VB DT NN IN NN . 
454,0,Nowadays our shopping habits seem to have changed .,RB PRP$ NN NNS VBZ TO VBZ VBN . 
264,0,In June I have to take some English lessons .,IN NNP PRP VBP TO VB DT NNP NNS . 
1091,1,The worst thing is that he could not improve this behaviour .,DT JJS NN VBZ IN PRP MD RB VB DT NN . 
232,0,It was closed for some reason I still do n't know .,PRP VBD JJ IN DT NN PRP RB VBP RB VB . 
444,0,"Perhaps , armour will become a craze again .","RB , NN MD VB DT NN RB . "
395,0,How will the home of the future be ?,WRB MD DT NN IN DT NN VB . 
939,0,I would come next year with great pleasure .,PRP MD VB JJ NN IN JJ NN . 
176,0,They all did except one : Pat .,PRP DT VBD IN CD : NNP . 
18,0,"It is very interesting , especially for young people .","PRP VBZ RB JJ , RB IN JJ NNS . "
1185,1,See you and write me soon .,VB PRP CC VB PRP RB . 
890,0,"Are tablets necessary ( for headache , insects ) ?","VBZ NNS JJ -LRB- IN NN , NNS -RRB- . "
341,0,I 'm very good at swimming and surfing .,PRP VBP RB JJ IN NN CC NN . 
864,0,Your time has been stolen .,PRP$ NN VBZ VBN VBN . 
595,0,My other choice is painting .,PRP$ JJ NN VBZ NN . 
61,0,I also helped to serve people who would like to drink .,PRP RB VBD TO VB NNS WP MD VB TO VB . 
272,0,I 've been busy preparing for English exams .,PRP VBP VBN JJ VBG IN NNP NNS . 
1094,1,"The advertisement said there were discounts available , which were not .","DT NN VBD EX VBD NNS JJ , WDT VBD RB . "
1269,1,I appriciated to this big news .,PRP VBD IN DT JJ NNS . 
278,0,Here is the information you asked for :,RB VBZ DT NN PRP VBD IN : 
1050,1,"Perhaps , he moved into another town .","RB , PRP VBD IN DT NN . "
694,0,So it depends on the case .,RB PRP VBZ IN DT NN . 
368,0,I bought a group ticket for the show,PRP VBD DT NN NN IN DT NN 
1244,1,She felt really badly after that .,PRP VBD RB RB IN DT . 
36,0,So that 's why they have invented the telephone .,RB DT VBZ WRB PRP VBP VBN DT NN . 
735,0,"Every day , something changes and we become more modern .","DT NN , NN VBZ CC PRP VBP RBR JJ . "
1200,1,It 's the best thing you can do in this case .,PRP VBZ DT JJS NN PRP MD VB IN DT NN . 
662,0,Pat was her best friend so she told him .,NNP VBD PRP$ JJS NN IN PRP VBD PRP . 
983,1,I have recieved your letter this morning .,PRP VBP VBN PRP$ NN DT NN . 
976,1,But by some situations you have to wear something .,CC IN DT NNS PRP VBP TO VB NN . 
547,0,You will be able to meet many Japanese students .,PRP MD VB JJ TO VB JJ JJ NNS . 
1079,1,"Once I was fishing , when sharks came all around me .","RB PRP VBD VBG , WRB NNS VB RB RB PRP . "
688,0,Painting and Photography are good activities for me .,NN CC NN VBP JJ NNS IN PRP . 
738,0,Lastly the method of communication has also changed .,RB DT NN IN NN VBD RB VBN . 
191,0,I have discussed this subject with my friends and schoolteachers .,PRP VBP VBN DT NN IN PRP$ NNS CC NNS . 
456,0,It was at lunchtime .,PRP VBD IN NN . 
393,0,There is something I would like to know from you .,EX VBZ NN PRP MD VB TO VB IN PRP . 
675,0,"Therefore , it is an example of modern architecture .","RB , PRP VBZ DT NN IN JJ NN . "
760,0,Today nobody could imagine such a situation .,NN NN MD VB PDT DT NN . 
1330,1,I think 50 % ( Â£ 80 ) are enough .,PRP VBP CD NN -LRB- $ CD -RRB- VBZ JJ . 
728,0,It was not Danny on the stage !,PRP VBD RB NNP IN DT NN . 
419,0,I am happy to visit the United States with your organisation .,PRP VBP JJ TO VB DT NNP NNP IN PRP$ NN . 
375,0,Now I want to explain about the problems .,RB PRP VBP TO VB IN DT NNS . 
412,0,The first one is tennis and the second one is sailing .,DT JJ CD VBZ NN CC DT JJ CD VBZ NN . 
74,0,We have had a quite pleasant time except for that evening .,PRP VBP VBN DT RB JJ NN IN IN DT NN . 
1265,1,If we look at a family life .,IN PRP VBP IN DT NN NN . 
1061,1,And tickets were too expensive !,CC NNS VBD RB JJ . 
500,0,And look at us now .,CC VBP IN PRP RB . 
825,0,But I hope you will wear a formal suit and dress .,CC PRP VBP PRP MD VB DT JJ NN CC NN . 
1140,1,As the second activity I have chosen to make photos .,IN DT JJ NN PRP VBP VBN TO VB NNS . 
616,0,We saw the details and were pleased with them,PRP VBD DT NNS CC VBD JJ IN PRP 
114,0,How has modern technology changed your daily life ?,WRB VBZ JJ NN VBN PRP$ JJ NN . 
417,0,I am a student in the English class .,PRP VBP DT NN IN DT JJ NN . 
601,0,I think there are sufficient reasons for giving my money back .,PRP VBP EX VBP JJ NNS IN VBG PRP$ NN RB . 
604,0,"Thank you again and take care ,",VBP PRP RB CC VBP NN . 
1349,1,I vish you were here with me .,PRP VBP PRP VBD RB IN PRP . 
89,0,So I would like to travel in July .,RB PRP MD VB TO VB IN NNP . 
848,0,The other activity I would prefer is sailing .,DT JJ NN PRP MD VB VBZ NN . 
1037,1,Have you ever thought to live without your car ?,VBP PRP RB VB TO VB IN PRP$ NN . 
1293,1,Rod was a happy man at that times .,NNP VBD DT JJ NN IN DT NNS . 
753,0,But it has advantages as well as disadvantages .,CC PRP VBZ NNS RB RB IN NNS . 
498,0,The trial was long and received wide coverage from the media .,DT NN VBD JJ CC VBD JJ NN IN DT NN . 
1081,1,Why did you put into the advertisement ' Discounts Available ' ?,WRB MD PRP VB IN DT NN `` NNS JJ '' . 
1075,1,It has been in her parents ' appartement .,PRP VBZ VBN IN PRP$ NNS POS NN . 
1073,1,How is the wonderful life after invention the light .,WRB VBZ DT JJ NN IN NN DT NN . 
11,0,They all know where the conference is and when .,PRP DT VBZ WRB DT NN VBZ CC WRB . 
396,0,I must say that it was n't our perfect evening out !,PRP MD VB IN PRP VBD RB PRP$ JJ NN RB . 
953,1,There will be a great success !,EX MD VB DT JJ NN . 
555,0,After the class is also a very essential part of school life,IN DT NN VBZ RB DT RB JJ NN IN NN NN 
42,0,I could n't write to you because I was very busy .,PRP MD RB VB IN PRP IN PRP VBD RB JJ . 
841,0,Nobody informed me about that .,NN VBD PRP IN DT . 
167,0,It looks nice and has a good message .,PRP VBZ JJ CC VBZ DT JJ NN . 
416,0,I would prefer to go to the Camp in July .,PRP MD VB TO VB IN DT NN IN NNP . 
576,0,So life is much faster and more convenient than before .,RB NN VBZ RB JJR CC RBR JJ IN RB . 
834,0,I think modern technology is very important in my life .,PRP VBP JJ NN VBZ RB JJ IN PRP$ NN . 
267,0,We can show our figure in winter as well .,PRP MD VB PRP$ NN IN NN RB RB . 
1290,1,I will never ever help anybody to organice a pop concert .,PRP MD RB RB VB NN TO VB DT NN NN . 
426,0,You can find any information from it that you want .,PRP MD VBD DT NN IN PRP WDT PRP VBP . 
690,0,"I keep that in my mind , for ever !","PRP VBP DT IN PRP$ NN , IN RB . "
544,0,I hope your questions have been answered appropriately .,PRP VBP PRP$ NNS VBP VBN VBN RB . 
1266,1,I 've already Won three prizes about it .,PRP VBP RB VBN CD NNS IN PRP . 
674,0,The building was built in 1999 .,DT NN VBD VBN IN CD . 
689,0,On your last day you have the afternoon free .,IN PRP$ JJ NN PRP VBP DT NN JJ . 
1192,1,It is placed in the middle of the forest .,PRP VBZ VBN IN DT NN IN DT NN . 
851,0,I was very nervous .,PRP VBD RB JJ . 
1323,1,How poor their imagination are !,WRB JJ PRP$ NN VBP . 
159,0,Actually I ca n't swim at all .,RB PRP MD RB VBG IN DT . 
895,0,It 's a strange thing !,PRP VBZ DT JJ NN . 
1177,1,Could you believe my luck ?,MD PRP VB PRP$ NN . 
257,0,But it started at 20:15 !,CC PRP VBD IN CD . 
1054,1,You asked some questions about rules in school and homes,PRP VBD DT NNS IN NNS IN NN CC NNS 
335,0,It is really fascinating to challenge the waves .,PRP VBZ RB JJ TO VB DT NNS . 
1270,1,Thank for you patience .,VBP IN PRP NN . 
15,0,And then going away without listening to the answer .,CC RB VBG RB IN VBG IN DT NN . 
515,0,I wonder if you could explain to me why .,PRP VBP IN PRP MD VB IN PRP WRB . 
324,0,"Finally , may I ask for some more information ?","RB , MD PRP VB IN DT JJR NN . "
768,0,All her father 's things were missing .,DT PRP$ NN POS NNS VBD JJ . 
607,0,She was very angry and hurt .,PRP VBD RB JJ CC JJ . 
1190,1,I really like staying in tents .,PRP RB VBP VBG IN NNS . 
999,1,"Thanks for all these informations ,","NNS IN PDT DT NNS , "
933,0,So do n't laugh at this idea .,RB VBP RB VB IN DT NN . 
905,0,", how much money should I take there ?",", WRB JJ NN MD PRP VB RB . "
222,0,Everything in this room is connected with wine .,NN IN DT NN VBZ VBN IN NN . 
179,0,I received your letter asking for some information about the conference,PRP VBD PRP$ NN VBG IN DT NN IN DT NN 
977,1,It would be great if we can choosen swimming and Golf .,PRP MD VB JJ IN PRP MD VBN NN CC NN . 
99,0,Bye and think about this .,UH CC VB IN DT . 
836,0,First thing is the computer .,JJ NN VBZ DT NN . 
757,0,"Nigel himself was a big "" surprise "" present for Sally .",NNP PRP VBD DT JJ `` JJ '' NN IN NNP . 
521,0,What do you think about this suggestion ?,WP VBP PRP VBP IN DT NN . 
761,0,And I was really disappointed with the different actor 's performance .,CC PRP VBD RB JJ IN DT JJ NN POS NN . 
22,0,I thank you in advance and look forward to your reply .,PRP VBP PRP IN NN CC VB RB IN PRP$ NN . 
356,0,We should n't allow the world to be exploited .,PRP MD RB VB DT NN TO VB VBD . 
733,0,I believed everything she told me .,PRP VBD NN PRP VBD PRP . 
1131,1,I am interst playing tennis very much .,PRP VBP JJ VBG NN RB RB . 
1252,1,The first time in my life I have won competition .,DT JJ NN IN PRP$ NN PRP VBP VBN NN . 
611,0,I was so disappointed about that .,PRP VBD RB JJ IN DT . 
1150,1,It means I had to read the recipies very carefully .,PRP VBZ PRP VBD TO VB DT NNS RB RB . 
340,0,"People will wear yellow , pink and green clothes .","NNS MD VB JJ , JJ CC JJ NNS . "
431,0,At surfing I am not good at all .,IN NN PRP VBP RB JJ IN DT . 
989,1,"At home , we must wash our hands before the lunch .","IN NN , PRP MD VB PRP$ NNS IN DT NN . "
217,0,I would like to play guitar like him .,PRP MD VB TO VB NN IN PRP . 
911,0,I must be at home by 11pm .,PRP MD VB IN NN IN NN . 
203,0,Do you understand me ?,VBP PRP VB PRP . 
1090,1,I hope to see you soon to tell you more details .,PRP VBP TO VB PRP RB TO VB PRP JJR NNS . 
1101,1,I think I will really enjoy if I could stay in tents,PRP VBP PRP MD RB VB IN PRP MD VB IN NNS 
93,0,I was very pleased to receive your letter .,PRP VBD RB JJ TO VB PRP$ NN . 
1010,1,I said to myself again .,PRP VBD TO PRP RB . 
68,0,I spent two days at the International Arts Festival you organized .,PRP VBD CD NNS IN DT NNP NNPS NN PRP VBD . 
1181,1,For me was this aventure one of the Best .,IN PRP VBD DT NN CD IN DT JJS . 
284,0,"In addition , admission for students is free .","IN NN , NN IN NNS VBZ JJ . "
696,0,The concert last month !,DT NN JJ NN . 
85,0,It has absolutely reduced women 's housework time .,PRP VBZ RB VBN NNS POS NN NN . 
434,0,There are many historic buildings .,EX VBZ JJ JJ NNS . 
1005,1,If you want something for fun or entertainment go bowling .,IN PRP VBP NN IN NN CC NN VB VBG . 
153,0,Let me explain to you why I 'm now so disappointed .,VB PRP VB IN PRP WRB PRP VBP RB RB JJ . 
75,0,Because you have to visit many shops and see many things .,IN PRP VBP TO VB JJ NNS CC VB JJ NNS . 
1175,1,I hope you find my opinion useful .,PRP VBP PRP VBP PRP$ NN JJ . 
1350,1,Moreover there was no discount ticket .,RB EX VBD DT NN NN . 
789,0,Most students in our class are studying Fashion full-time .,JJS NNS IN PRP$ NN VBP VBG NN RB . 
580,0,The World is being Changed rapidly by developing technology and industry .,DT NN VBZ VBG VBN RB IN JJ NN CC NN . 
446,0,You should close the theatre until the restaurant can be used .,PRP MD VB DT NN IN DT NN MD VB VBN . 
703,0,We spent all our time together .,PRP VBD PDT PRP$ NN RB . 
188,0,It will be a surprise !,PRP MD VB DT NN . 
271,0,It was a very good experience for me,PRP VBD DT RB JJ NN IN PRP 
1137,1,"Appart from this , the show started fourty five minutes later .","RB IN DT , DT NN VBD CD CD NNS RBR . "
884,0,I want to attend swimming and tennis courses .,PRP VBP TO VB NN CC NN NNS . 
236,0,And now the situation was becoming harder to put up with .,CC RB DT NN VBD VBG JJR TO VB RP RB . 
487,0,The International Arts Festival is a wonderful idea .,DT NNP NNPS NNP VBZ DT JJ NN . 
1304,1,"Yes , it was a strange behaviour .","UH , PRP VBD DT JJ NN . "
559,0,But afterwards you never eat them and just bin them .,CC RB PRP RB VBP PRP CC RB VBP PRP . 
117,0,He took me right to the front of my house .,PRP VBP PRP RB IN DT NN IN PRP$ NN . 
637,0,In particular I 'd like to talk about the Internet .,IN NN PRP MD VB TO VB IN DT NNP . 
1217,1,Their popularity could be explained by their comfort and easy use .,PRP$ NN MD VB VBN IN PRP$ NN CC JJ NN . 
801,0,It will save our Earth .,PRP MD VB PRP$ NNP . 
750,0,It was not a perfect evening whatsoever .,PRP VBD RB DT JJ NN RB . 
512,0,In particular I had to spend it alone ... again .,"IN JJ PRP VBD TO VB PRP RB , RB . "
633,0,So we tried to steal adults ' panties .,CC PRP VBD TO VB NNS POS NNS . 
993,1,Some are in formal others are in casual .,DT VBP IN JJ NNS VBP IN JJ . 
1161,1,All my class mates are looking forward to go to London .,PDT PRP$ NN NNS VBP VBG RB TO VB IN NNP . 
907,0,Then Sara looked into the river .,RB NNP VBD IN DT NN . 
1225,1,These changes will not affect the contacts of the programme itself .,DT NNS MD RB VB DT NNS IN DT NN PRP . 
126,0,Definitely we should try to understand technology .,RB PRP MD VB TO VB NN . 
790,0,I really enjoy swimming .,PRP RB VBP NN . 
829,0,"Because of that , I waited for a long time .","IN IN DT , PRP VBN IN DT JJ NN . "
116,0,I am a good defender .,PRP VBP DT JJ NN . 
473,0,The show would be fantastic .,DT NN MD VB JJ . 
740,0,I believe we 'll be more into fashionable stuff .,PRP VBP PRP MD VB RBR IN JJ NN . 
1142,1,A crowded hall is not good to enjoy musics .,DT JJ NN VBZ RB JJ TO VB NNS . 
950,1,Is n't it a big opportunity for us ?,VBZ RB PRP DT JJ NN IN PRP . 
57,0,She spent the money on a magazine .,PRP VBD DT NN IN DT NN . 
603,0,I used to go camping .,PRP VBD TO VB VBG . 
786,0,The prices for land are increasing because of this .,DT NNS IN NN VBP VBG IN IN DT . 
830,0,We had a brilliant night .,PRP VBD DT JJ NN . 
119,0,""" Sara remembered the golden fish .",`` NNP VBD DT JJ NN . 
656,0,I was waiting for the show for half an hour !,PRP VBD VBG IN DT NN IN NN DT NN . 
1087,1,I only can travel in July,PRP RB MD VB IN NNP 
669,0,New inventions have been invented and science has made quick progress .,JJ NNS VBP VBN VBN CC NN VBZ VB JJ NN . 
105,0,"What do you take us for , Mr Smith ?","PRP VBP PRP VB PRP IN , NNP NNP . "
635,0,"Moreover , entrance for students is free .","RB , NN IN NNS VBZ JJ . "
369,0,The place is the college garden .,DT NN VBZ DT NN NN . 
268,0,"Really , what a mess with the administration .","RB , WDT DT NN IN DT NN . "
655,0,Because my favourite actor appears in it .,IN PRP$ JJ NN VBZ IN PRP . 
819,0,There are a lot of shopping styles in the world .,EX VBP DT NN IN NN NNS IN DT NN . 
935,0,We were too young to spend a whole weekend alone .,PRP VBD RB JJ TO VB DT JJ NN RB . 
822,0,I have great experience of sailing .,PRP VBP JJ NN IN NN . 
866,0,"Also , may I take a friend with me ?","RB , MD PRP VB DT NN IN PRP . "
46,0,But the party was great after all .,CC DT NN VBD JJ RB RB . 
349,0,Fashion changes every year .,NN VBZ DT NN . 
1167,1,Madrid is a big city and have many interesting places .,NNP VBZ DT JJ NN CC VBP JJ JJ NNS . 
991,1,Why was he not here ?,WRB VBD PRP RB RB . 
876,0,It will be very pleasant joining the holiday .,PRP MD VB RB JJ VBG DT NN . 
773,0,I live and I need different products to survive .,PRP VBP CC PRP VBP JJ NNS TO VB . 
195,0,I felt so miserable that Pat laughed to see me .,PRP VBD RB JJ IN NNP VBD TO VB PRP . 
102,0,I am very happy about the news .,PRP VBP RB JJ IN DT NN . 
4,0,Pat was very frightened by this situation .,NNP VBD RB JJ IN DT NN . 
619,0,As they wanted to have a baby .,IN PRP VBD TO VB DT NN . 
1003,1,If is possible I would like swimming .,IN VBZ JJ PRP MD VB VBG . 
571,0,I want to introduce an interesting building for them to visit .,PRP VBP TO VB DT JJ NN IN PRP TO VB . 
52,0,That 's why I 'd like to feel adventurous .,DT VBZ WRB PRP MD VB TO VB JJ . 
263,0,It has already started and has no limits .,PRP VBD RB VBD CC VBZ DT NNS . 
1241,1,My job just prepear drink for them .,PRP$ NN RB VBP NN IN PRP . 
1233,1,Is it suitable for you ?,VBZ PRP JJ IN PRP . 
443,0,I was in her room helping her .,PRP VBD IN PRP$ NN VBG PRP . 
1002,1,I also will be pleased to stay in log cabins .,PRP RB MD VB JJ TO VB IN NN NNS . 
837,0,Because fashion has repeated many times in the circle .,IN NN VBZ VBN JJ NNS IN DT NN . 
1206,1,Our days I would call a days of great technologycal progress .,PRP$ NNS PRP MD VB DT NNS IN JJ JJ NN . 
304,0,I think that we will not wear formal clothes anymore .,PRP VBP IN PRP MD RB VB JJ NNS RB . 
1063,1,I hope to give you enough information .,PRP VBP TO VB PRP JJ NN . 
313,0,Many different incurable diseases have appeared .,JJ JJ JJ NNS VBP VBN . 
149,0,"Would you check the weather forecast for me , please ?","MD PRP VB DT NN NN IN PRP , UH . "
574,0,"We need light every day , not just at nighttime .","PRP VBP NN DT NN , RB RB IN NN . "
50,0,What kind of clothes should I put in my case ?,WDT NN IN NNS MD PRP VB IN PRP$ NN . 
1078,1,When I was a child we were often camping .,WRB PRP VBD DT NN PRP VBD RB VBG . 
726,0,Shopping is a common activity in their life .,NN VBZ DT JJ NN IN PRP$ NN . 
833,0,Modern technology has created other conveniences :,JJ NN VBZ VBN JJ NNS : 
470,0,I appreciate all this .,PRP VBP PDT DT . 
971,1,And swimming is very good for health .,CC NN VBZ RB JJ IN NN . 
653,0,' Why not go to the stock exchange ? ',`` WRB RB VB IN DT NN NN . '' 
399,0,The best time would be from 17th July till 30th July .,DT JJS NN MD VB IN NN NNP IN NN NNP . 
511,0,Yesterday was Valentine 's day here in Portugal .,NN VBD NNP POS NNP RB IN NNP . 
320,0,They will organise the same pop concert but with another singer .,PRP MD VB DT JJ NN NN CC IN DT NN . 
19,0,I wish you had been there with us !,PRP VBP PRP VBD VBN RB IN PRP . 
684,0,Were people happier in the past than today ?,VBD NNS JJR IN DT NN IN NN . 
35,0,It began 45 minutes later than it should have .,PRP VBD CD NNS RBR IN PRP MD VBP . 
902,0,I do not like tents ;,"PRP VBP RB VB NNS , "
827,0,That was a disappointment for my whole family .,DT VBD DT NN IN PRP$ JJ NN . 
1210,1,I am looking forward your reply .,PRP VBP VBG RB PRP$ NN . 
407,0,I will come to your office this week .,PRP MD VB IN PRP$ NN DT NN . 
920,0,I hope that my article appears in your magazine .,PRP VBP IN PRP$ NN VBZ IN PRP$ NN . 
537,0,Taking pictures is a new experience for me .,VBG NNS VBZ DT JJ NN IN PRP . 
758,0,For August I booked a trip to Greece with my wife .,IN NNP PRP VBD DT NN IN NNP IN PRP$ NN . 
245,0,I collect strange photographs by myself .,PRP VBP JJ NNS IN PRP . 
784,0,I just hope I do n't get injured .,PRP RB VBP PRP VBP RB VB JJ . 
489,0,I hope we will meet next year at the festival .,PRP VBP PRP MD VB JJ NN IN DT NN . 
154,0,I walked in first with Pat and two of my friends .,PRP VBD RP RB IN NNP CC CD IN PRP$ NNS . 
961,1,We were too young to stay a hole weekend alone .,PRP VBD RB JJ TO VB DT JJ NN RB . 
853,0,The guards will change every four hours .,DT NNS MD VB DT CD NNS . 
625,0,In the future I imagine I could fly on my own !,IN DT NN PRP VBP PRP MD VB IN PRP$ NN . 
685,0,It only takes about five minutes if you walk .,PRP RB VBZ IN CD NN IN PRP VBP . 
569,0,This tendency may result in rejecting synthetics completely .,DT NN MD VB IN VBG NNS RB . 
1288,1,But it was worthy .,CC PRP VBD JJ . 
17,0,It is really interesting .,PRP VBZ RB JJ . 
127,0,I arrived in Ireland on 2nd July .,PRP VBD IN NNP IN JJ NNP . 
927,0,It will be a great success !,PRP MD VB DT JJ NN . 
980,1,"This looked very good to me ,","DT VBD RB JJ IN PRP , "
1326,1,"At home , there are less rules .","IN NN , EX VBP JJR NNS . "
190,0,The principal reason is the cheap price .,DT JJ NN VBZ DT JJ NN . 
992,1,"Thanks for your letter ,","NN IN PRP$ NN , "
1320,1,Her father never let her to have a boyfriend .,PRP$ NN RB VBD PRP TO VB DT NN . 
606,0,"Her mother talked to her , but there was no case .","PRP$ NN VBD IN PRP , CC EX VBD DT NN . "
180,0,I 'm very happy to have won your competition .,PRP VBP RB JJ TO VBP VBN PRP$ NN . 
301,0,I have already thought about a change to the programme .,PRP VBP RB VBN IN DT NN IN DT NN . 
496,0,When the show ended I went to visit the theatre restaurant .,WRB DT NN VBD PRP VBD TO VB DT NN NN . 
1168,1,it will still be filled with vegetables and meat .,PRP MD RB VB VBN IN NNS CC NN . 
1134,1,Could you back my money please ?,MD PRP VB PRP$ NN UH . 
1120,1,- Funny plays and films to spend the break time ;,HYPH JJ NNS CC NN TO VB DT NN NN . 
517,0,Then the show began 45 minutes later than stated .,RB DT NN VBD CD NNS RB IN VBN . 
1069,1,According to the advertisement the show is to start at 19:30 .,VBG IN DT NN DT NN VBZ TO VB IN CD . 
476,0,The Internet is certainly the most obvious of all these innovations .,DT NN VBZ RB DT RBS JJ IN PDT DT NNS . 
157,0,This was excellent .,DT VBD JJ . 
16,0,. Lily was one of her best friends for three years .,. NNP VBD CD IN PRP$ JJS NNS IN CD NNS . 
1072,1,I have got not idea about them .,PRP VBP VBN RB NN IN PRP . 
546,0,"At 20:00 , we stopped at a coffee house to eat .","IN CD , PRP VBD IN DT NN NN TO VB . "
658,0,They have a lifestyle which is typical of these times .,NNP VBP DT NN WDT VBZ JJ IN DT NNS . 
1110,1,All your stuffs will be performed by the computers .,PDT DT NNS MD VB VBN IN DT NNS . 
1019,1,"We see , the objects will come smaller .","PRP VBP , DT NNS MD VB JJR . "
1135,1,I look forward to reading from you .,PRP VBP RB IN VBG IN PRP . 
959,1,So do n't laugh about this idea .,RB VBP RB VB IN DT NN . 
1272,1,"What was more , it closed because of refurishing .","WP VBD JJR , PRP VBD IN IN NN . "
283,0,Writing .,NN . 
797,0,The show started forty-five minutes late and this really disappointed me .,DT NN VBD CD NNS RB CC DT RB VBD PRP . 
225,0,I 'll write to you soon Kim .,PRP VBP VB IN PRP RB NNP . 
26,0,First the show started much later than was advertised .,RB DT NN VBD RB RBR IN VBD VBN . 
437,0,"Finally , we had a totally miserable night at your show .","RB , PRP VBD DT RB JJ NN IN PRP$ NN . "
1314,1,We 're sorry to give you trouble .,PRP VBP JJ TO VB PRP NN . 
229,0,I hope that you liked my experience .,PRP VBP IN PRP VBD PRP$ NN . 
37,0,I am sure you can understand this .,PRP VBP JJ PRP MD VB DT . 
749,0,"I 'm looking forward to hearing from you ,",PRP VBP VBG RB IN VBG IN PRP . 
1045,1,"He created another day time after sunset ,","PRP VBD DT NN NN IN NN , "
469,0,I like to sing a song when I am alone .,PRP VBP TO VB DT NN WRB PRP VBP JJ . 
1156,1,"Well , this will be an open question to anyone .","UH , DT MD VB DT JJ NN IN NN . "
1328,1,You may only get tired on your feet .,PRP MD RB VB JJ IN PRP$ NN . 
687,0,I am not really really good but I have some experience .,PRP VBP RB RB RB JJ CC PRP VBP DT NN . 
1242,1,"One day , Suddenly , heavy storm came our town .","CD NN , RB , JJ NN VBD PRP$ NN . "
639,0,Shopping is not always enjoyable,NN VBZ RB RB JJ 
1171,1,"In my opinion , women are really enjoying shopping .","IN PRP$ NN , NNS VBP RB VBG VBG . "
1348,1,What was written on the advertisement ?,WP VBD VBN IN DT NN . 
1228,1,"Afterwards , he gave his pen for my enthusiasm .","RB , PRP VBD PRP$ NN IN PRP$ NN . "
800,0,I am afraid that I want my money back .,PRP VBP JJ IN PRP VBP PRP$ NN RB . 
160,0,I do n't know exactly what California 's weather is like .,PRP VBP RB VB RB WP NNP POS NN VBZ IN . 
956,1,However it did at 20:15 .,RB PRP VBD IN CD . 
821,0,Because I have never stayed in a tent before .,IN PRP VBP RB VBN IN DT NN RB . 
1149,1,"Moreover , how much money do I have to need ?","RB , WRB JJ NN VBP PRP VB TO VB . "
877,0,Should I take some clothes for the cold weather ?,MD PRP VB DT NNS IN DT JJ NN . 
913,0,The discounts on tickets that you mentioned did not exist .,DT NNS IN NNS WDT PRP VBD VBD RB VB . 
152,0,You could try to do your shopping via the Internet .,PRP MD VB TO VB PRP$ NN IN DT NN . 
1237,1,"May be it was a wrong decision to tell her ,","GW RB PRP VBD DT JJ NN TO VB PRP , "
509,0,You wo n't dance but the earnings are guaranteed !,PRP MD RB VB CC DT NNS VBP VBN . 
1188,1,"So , what are waiting for ?","RB , WP VBP VBG IN . "
103,0,It is more comfortable and I am afraid of wild animals .,PRP VBZ RBR JJ CC PRP VBP JJ IN JJ NNS . 
586,0,I was really surprised to hear that .,PRP VBD RB JJ TO VB DT . 
1198,1,"Meanwhile , these activities are develop .","RB , DT NNS VBP VB . "
53,0,Thank you for the letter that confirmed first prize .,VBP PRP IN DT NN WDT VBD JJ NN . 
151,0,But the most important innovation in technological development is the computer .,CC DT RBS JJ NN IN JJ NN IN DT NN . 
403,0,In schools we are n't allowed to speak in class .,IN NNS PRP VBP RB VBN TO VB IN NN . 
207,0,"Secondly , boys are not allowed to have long hair .","RB , NNS VBZ RB VBN TO VB JJ NN . "
1279,1,What is more appropiated ?,WP VBZ RBR JJ . 
1122,1,"I mean , it is too crowdy ,","PRP VBP , PRP VBZ RB JJ , "
8,0,I made a big mistake by trusting him .,PRP VBD DT JJ NN IN VBG PRP . 
1014,1,But I was really disappointed it .,CC PRP VBD RB JJ PRP . 
1060,1,Teacher are helping students with their problems .,NN VBP VBG NNS IN PRP$ NNS . 
452,0,It will be the most exciting activity on this trip .,PRP MD VB DT RBS JJ NN IN DT NN . 
253,0,I expect you will be even better organised next year .,PRP VBP PRP MD VB RB RB JJ JJ NN . 
896,0,I attended the art exhibitions and saw interesting pictures .,PRP VBD DT NN NNS CC VBD JJ NNS . 
1209,1,Otherwise they can have lots of problem and difficult to live .,RB PRP MD VB NNS IN NN CC JJ TO VB . 
880,0,. I am glad to provide all the information,. PRP VBP JJ TO VB PDT DT NN 
1276,1,I have a big news .,PRP VBP DT JJ NNS . 
623,0,These are your mistakes .,DT VBP PRP$ NNS . 
345,0,Cars play a big part in our life .,NNS VB DT JJ NN IN PRP$ NN . 
1163,1,Could you do me my half of money back .,MD PRP VB PRP PRP$ NN IN NN RP . 
262,0,I 'm looking forward to receiving your prompt reply .,PRP VBP VBG RB IN VBG PRP$ JJ NN . 
150,0,It is more interesting than sleeping in log cabins .,PRP VBZ RBR JJ IN VBG IN NN NNS . 
472,0,But the question is : why is shopping not always enjoyable ?,CC DT NN VBZ : WRB VBZ NN RB RB JJ . 
640,0,There are already a variety of fashion styles nowadays .,PRP VBP RB DT NN IN NN NNS RB . 
1339,1,Are you a science fiction histories lover ?,VBP PRP DT NN NN NNS NN . 
1273,1,thanks a lot for your long letter !,NN DT NN IN PRP$ JJ NN . 
550,0,It is the first step towards a true fraternity .,PRP VBZ DT JJ NN IN DT JJ NN . 
928,0,It cost me about Â£ 500 .,PRP VBD PRP RB $ CD . 
488,0,It helps me with preparing my homework .,PRP VBZ PRP IN VBG PRP$ NN . 
1221,1,They ca n't believe him .,PRP MD RB VB PRP . 
146,0,I was very surprised at the result of the competition .,PRP VBD RB JJ IN DT NN IN DT NN . 
402,0,What more do you want ?,WP JJR VBP PRP VB . 
954,1,it costs me about Â£ 500 .,PRP VBZ PRP RB $ CD . 
1268,1,It is interesting to starts to think about this point .,PRP VBZ JJ TO VBZ TO VB IN DT NN . 
659,0,I think I 'll enjoy this trip .,PRP VBP PRP MD VB DT NN . 
463,0,This is a precise letter that I write to you now .,DT VBZ DT JJ NN WDT PRP VBP IN PRP RB . 
186,0,We just sat on our seats with nothing to do .,PRP RB VBD IN PRP$ NNS IN NN TO VB . 
1147,1,"Everyone enjoys wearing nice new clothes ,","NN VBZ VBG JJ JJ NNS , "
608,0,But my family and I had a very disappointing evening .,CC PRP$ NN CC PRP VBD DT RB JJ NN . 
143,0,Also the most famous star can be unhappy and depressed :,RB DT RBS JJ NN MD VB JJ CC JJ : 
751,0,Also with weekend shopping,RB IN NN NN 
981,1,"She has never received any letter , since that morning .","PRP VBZ RB VBN DT NN , IN DT NN . "
197,0,The accommodation I prefer is a tent .,DT NN PRP VB VBZ DT NN . 
883,0,What day can I start my trip ?,WDT NN MD PRP VB PRP$ NN . 
279,0,Our free time on Wednesday could be spent at the museum .,PRP$ JJ NN IN NNP MD VB VBN IN DT NN . 
293,0,People 's imaginations are enormous .,NNS POS NNS VBP JJ . 
1229,1,Most common way to earn is baby-sitting .,RBS JJ NN TO VB VBZ NN . 
400,0,I had n't ever seen so much money .,PRP VBD RB RB VBN RB JJ NN . 
122,0,I also suggest that more plays and films should take place .,PRP RB VBP IN JJR NNS CC NNS MD VB NN . 
202,0,Now I asked myself if there would be another problem .,RB PRP VBD PRP IN EX MD VB DT NN . 
835,0,The only way they could move was using their feet .,DT JJ NN PRP MD VB VBD VBG PRP$ NNS . 
246,0,I am writing to give you the further information about myself .,PRP VBP VBG TO VB PRP DT JJ NN IN PRP . 
1284,1,it was great to hear from you .,PRP VBD JJ TO VB IN PRP . 
1271,1,I would like to tell you some suggestions .,PRP MD VB TO VB PRP DT NNS . 
1153,1,He had just been beaten by a ground of white men .,PRP VBD RB VBN VBN IN DT NN IN JJ NNS . 
384,0,They are wasting time in their life for nothing .,PRP VBP VBG NN IN PRP$ NN IN NN . 
854,0,"Dear Ms Helen Ryan ,",JJ NNP NNP NNP . 
219,0,How is your new school and your parents ?,WRB VBZ PRP$ JJ NN CC PRP$ NNS . 
641,0,I am just kidding .,PRP VBP RB VBG . 
1,0,I use the Internet now .,PRP VBP DT NNP RB . 
112,0,I had the pleasure of listening to your variety of concerts .,PRP VBD DT NN IN VBG IN PRP$ NN IN NNS . 
698,0,I hope I have been able to give you some ideas .,PRP VBP PRP VBP VBN JJ TO VB PRP DT NNS . 
1291,1,Thank you for choosen our ticket at the final .,VBP PRP IN VBN PRP$ NN IN DT NN . 
951,1,"Endly , I have questions about clothes and money .","RB , PRP VBP NNS IN NNS CC NN . "
1191,1,"Second , I prefer to stay a log cabin .","RB , PRP VBP TO VB DT NN NN . "
1219,1,Despite the huge facilities technology has affected our lives negatively .,IN DT JJ NNS NN VBZ VBN PRP$ NNS RB . 
441,0,We were told that discounts were available but they were not .,PRP VBD VBD IN NNS VBD JJ CC PRP VBD RB . 
1136,1,The show begun 45 minutes later than supposed !,DT NN VBN CD NNS RB IN VBN . 
663,0,"Grammar , which is the basis of learning English .","NN , WDT VBZ DT NN IN VBG NNP . "
1236,1,I was quare in the middle of row .,PRP VBD JJ IN DT NN IN NN . 
317,0,Everybody asks what our world will look like .,NN VBZ WP PRP$ NNS VB VB IN . 
648,0,"However , I was not very sure I enjoyed this .","RB , PRP VBD RB RB JJ PRP VBD DT . "
709,0,Also there is a big problem : the money .,RB EX VBZ DT JJ NN : DT NN . 
972,1,The bus will pick you up right at your hotel entery .,DT NN MD VB PRP RP RB IN PRP$ NN NN . 
627,0,The show is on 14th March on Tuesday .,DT NN VBZ IN CD NNP IN NNP . 
632,0,My wife Catrin is a local champion in swimming races .,PRP$ NN NNP VBZ DT JJ NN IN NN NNS . 
1318,1,"On the other hand , plays and films were excellent .","IN DT JJ NN , NNS CC NNS VBD JJ . "
1247,1,waist of time .,NN IN NN . 
795,0,This is the most contentious point .,DT VBZ DT RBS JJ NN . 
645,0,A good place to film is our Geography class .,DT JJ NN TO VB VBZ PRP$ NN NN . 
1012,1,I was doing my homeworks when I heard an explosion .,PRP VBD VBG PRP$ NNS WRB PRP VBD DT NN . 
556,0,That 's the nub of my complaints .,WDT VBZ DT NN IN PRP$ NNS . 
681,0,The Korean restaurants appeared to be the most popular with foreigners .,DT JJ NNS VBD TO VB DT RBS JJ IN NNS . 
577,0,I was really surprised to hear I had won your competition .,PRP VBD RB JJ TO VB PRP VBD VBN PRP$ NN . 
1109,1,We look forward to hearing a good news from you soon .,PRP VBP RB IN VBG DT JJ NNS IN PRP RB . 
1183,1,"Even more , the students do n't pay the entrance .","RB RBR , DT NNS VBP RB VB DT NN . "
524,0,How could a person go from Brazil to Australia without it ?,WRB MD DT NN VB IN NNP IN NNP IN PRP . 
1059,1,"We are both a little afraid ,","PRP VBP RB DT JJ JJ , "
540,0,He told his wife this story .,PRP VBD PRP$ NN DT NN . 
1194,1,his name is saul HernaÃ±dez and he is very funny,PRP$ NN VBZ NNP NNP CC PRP VBZ RB JJ 
748,0,I picked up the phone .,PRP VBD RP DT NN . 
1250,1,And they are always doing best their homeworks .,CC PRP VBP RB VBG RBS PRP$ NNS . 
484,0,It has an interesting past .,PRP VBZ DT JJ NN . 
95,0,And am I allowed to bring my dog with me ?,CC VBP PRP VBN TO VBG PRP$ NN IN PRP . 
1020,1,This may also contribute to the promotion of English department .,DT MD RB VB IN DT NN IN NNP NN . 
563,0,Is there a possibility of exchanging different currencies to US dollars ?,VBZ EX DT NN IN VBG JJ NNS IN NNP NNS . 
742,0,It was quite ridiculous !,PRP VBD RB JJ . 
863,0,"Furthermore , I am going to enter a competition next year .","RB , PRP VBP VBG TO VB DT NN JJ NN . "
891,0,I am really looking forward to this camp .,PRP VBP RB VBG RB IN DT NN . 
1038,1,"Second , the musical started forty-five minutes later !","RB , DT NN VBD CD NNS RBR . "
206,0,What should I say to you about home ...,WP MD PRP VBP IN PRP IN NN . 
392,0,"Regarding the two activities , I choose swimming and painting .","VBG DT CD NNS , PRP VBP NN CC NN . "
794,0,I 've always wanted to go to the U.S.A.,PRP VBP RB VBN TO VB IN DT NNP 
870,0,I think that is all that I would like to know .,PRP VBP IN VBZ DT WDT PRP MD VB TO VB . 
397,0,"Secondly , the service often makes us angry .","RB , DT NN RB VBZ PRP JJ . "
766,0,When I finish working I come back home .,WRB PRP VB VBG PRP VBP RB NN . 
1240,1,In the advertisement they said that tickets discounts available .,IN DT NN PRP VBD IN NNS NNS JJ . 
1028,1,"Because it does not complex , also we do n't confuse .","IN PRP VBZ RB VB , RB PRP VBP RB VB . "
642,0,Also I am quite a good swimmer .,RB PRP VBP PDT DT JJ NN . 
612,0,I have n't tried it before .,PRP VBP RB VBN PRP RB . 
960,1,"However , I have some proposals about its improving next year .","RB , PRP VBP JJ NNS IN PRP$ VBG JJ NN . "
725,0,The man keeps constantly in contact with it .,DT NN VBZ RB IN NN IN PRP . 
683,0,I 'm looking forward to your answers .,PRP VBP VBG RB IN PRP$ NNS . 
98,0,You ask me for some information - here it is .,PRP VBP PRP IN DT NN HYPH RB PRP VBZ . 
804,0,I would like to ask about money .,PRP MD VB TO VB IN NN . 
406,0,We will not wear black clothes as we used to .,PRP MD RB VB JJ NNS IN PRP VBN TO . 
502,0,It is worth spending time and money on that .,PRP VBZ JJ VBG NN CC NN IN DT . 
1071,1,I would be gladly to get an answer from you .,PRP MD VB RB TO VB DT NN IN PRP . 
1056,1,"I would like to play Tennis , and swimming .","PRP MD VB TO VB NN , CC NN . "
929,0,They were very interesting and we liked him very much .,PRP VBP RB JJ CC PRP VBD PRP RB RB . 
779,0,"Lots of love ,",NNS IN NN . 
200,0,What clothes should I take ?,WDT NNS MD PRP VB . 
134,0,"Now , I will answer your questions .","RB , PRP MD VB PRP$ NNS . "
1051,1,We are very keen on the fashions and make up .,PRP VBP RB JJ IN DT NNS CC NN GW . 
40,0,It also allows me to write to my friends by e-mail .,PRP RB VBZ PRP IN VB IN PRP$ NNS IN NN . 
1017,1,Thank you very much for this occasion,VB PRP RB RB IN DT NN 
230,0,"Unfortunately , Pat was n't very good at keeping secrets .","RB , NNP VBD RB RB JJ IN VBG NNS . "
378,0,We all know that you have organised everything .,PRP DT VBP IN PRP VBP VBN NN . 
288,0,I think the media must be more understanding .,PRP VBP DT NNS MD VB RB JJ . 
418,0,So I choose singing and swimming as my activities .,RB PRP VBP NN CC NN IN PRP$ NNS . 
391,0,Jogging or some sports ?,NN CC DT NNS . 
592,0,He did n't keep my secret .,PRP VBD RB VB PRP$ NN . 
1162,1,I really hope that you gona consider our request .,PRP RB VBP IN PRP MD VB PRP$ NN . 
1086,1,It was just an usual day .,PRP VBD RB DT JJ NN . 
647,0,We have been preparing all of them for a long time .,PRP VBP VBN VBG DT IN PRP IN DT JJ NN . 
1152,1,It is a good idea to have reasonably-priced for weekends .,PRP VBZ DT JJ NN TO VB JJ IN NNS . 
520,0,I look forward to your reply .,PRP VBP RB IN PRP$ NN . 
64,0,I phoned the police and told them the whole story .,PRP VBD DT NNS CC VBD PRP DT JJ NN . 
14,0,I wish you had been there .,PRP VBP PRP VBD VBN RB . 
1180,1,I 've know idea what kind of weather it is in USA,PRP VBP DT NN WDT NN IN NN PRP VBZ IN NNP 
1064,1,Do n't you think it is a lack of respect ?,VB RB PRP VB PRP VBZ DT NN IN NN . 
492,0,Then the show actually started at 20:15 and not at 19:30 !,RB DT NN RB VBD IN CD CC RB IN CD . 
379,0,She was always being pursued by the media .,PRP VBD RB VBG VBN IN DT NN . 
187,0,Every statement was wrong .,DT NN VBD JJ . 
763,0,I would choose photography and tennis .,PRP MD VB NN CC NN . 
216,0,"Well , unless there is something wrong with the power supply .","UH , IN EX VBZ NN JJ IN DT NN NN . "
791,0,I hope it might help with next year 's festival .,PRP VBP PRP MD VB IN JJ NN POS NN . 
1076,1,I was really great .,PRP VBD RB JJ . 
878,0,"It does n't interfere with studying , does it ?","PRP VBZ RB VB IN NN , VBZ PRP . "
337,0,"As you can see , there are some ( deliberate ? )","IN PRP MD VB , EX VBP DT -LRB- JJ . -RRB- "
719,0,First tell your parents .,RB VBP PRP$ NNS . 
295,0,There will be extra buses to get there .,EX MD VB JJ NNS TO VB RB . 
1016,1,Two of my best activities are swimming and photography .,CD IN PRP$ JJS NNS VBP NN CC NN . 
1275,1,It is one of the most popular subject in the school .,PRP VBZ CD IN DT RBS JJ NN IN DT NN . 
455,0,"Obviously , I had to try another aisle .","RB , PRP VBD TO VB DT NN . "
815,0,It was very interesting and enjoyable .,PRP VBD RB JJ CC JJ . 
269,0,At the Camp I want to stay in a log cabin .,IN DT NN PRP VBP TO VB IN DT NN NN . 
995,1,"Your faithfully ,",PRP$ RB . 
201,0,How much money do I need for this trip ?,WRB JJ NN VBP PRP VB IN DT NN . 
161,0,We will be learning at home using computers and discs .,PRP MD VB VBG IN NN VBG NNS CC NNS . 
729,0,"We thought it was a joke , but it was n't .","PRP VBD PRP VBD DT NN , CC PRP VBZ RB . "
401,0,It is free for students .,PRP VBZ JJ IN NNS . 
702,0,There were some problems that were not displayed in the advertisement .,EX VBD DT NNS WDT VBD RB VBN IN DT NN . 
1129,1,I could n't believe in it !,PRP MD RB VB IN PRP . 
565,0,I have never liked shopping .,PRP VBP RB VBN VBG . 
1021,1,"Please , let me know this questions as soon as possible .","UH , VB PRP VB DT NNS RB RB IN JJ . "
1025,1,The party will be take place in Palace Hotel .,DT NN MD VB VB NN IN NNP NNP . 
1104,1,"And , we can also share important informations with other people .","CC , PRP MD RB VB JJ NNS IN JJ NNS . "
205,0,"At home we again have rules , but more flexible ones .","IN NN PRP RB VBP NNS , CC RB JJ NNS . "
34,0,Just imagine the future people 's way of life,RB VB DT JJ NNS POS NN IN NN 
775,0,And they ask for money from other people .,CC PRP VBP IN NN IN JJ NNS . 
508,0,An actor was changed and the public were not informed .,DT NN VBD VBN CC DT NN VBD RB VBN . 
1331,1,It prove our bravura to be a man .,PRP VB PRP$ NN TO VB DT NN . 
91,0,What are you doing nowadays ? How is your school ?,WP VBP PRP VBG RB . WRB VBZ PRP$ NN . 
897,0,It will not be too formal a party .,PRP MD RB VB RB JJ DT NN . 
564,0,I hope you will do the same thing next year .,PRP VBP PRP MD VB DT JJ NN JJ NN . 
776,0,I was 15 years old then .,PRP VBD CD NNS JJ RB . 
241,0,In your advertisement you informed us of their false existence .,IN PRP$ NN PRP VBD PRP IN PRP$ JJ NN . 
13,0,There are a lot of advantages to it .,EX VBP DT NN IN NNS IN PRP . 
315,0,This also would make the festival more attractive .,DT RB MD VB DT NN RBR JJ . 
600,0,Modern technology plays an important role in our lives .,JJ NN VBZ DT JJ NN IN PRP$ NNS . 
387,0,I hope you can enjoy it .,PRP VB PRP MD VB PRP . 
1297,1,We would all thank you for the organised programme .,PRP MD RB VB PRP IN DT JJ NN . 
166,0,We were all given different sorts of jobs to do .,PRP VBD RB VBN JJ NNS IN NNS TO VB . 
840,0,furthermore I simply love water sports and their challenges .,RB PRP RB VBP NN NNS CC PRP$ NNS . 
20,0,Because I usually go on camping holidays with my friends .,IN PRP RB VB IN NN NNS IN PRP$ NNS . 
646,0,I hope you will be happy with our conference and party etc.,PRP VBP PRP MD VB JJ IN PRP$ NN CC NN FW 
1154,1,"I did n't mind telling her about my cousin ,","PRP VBD RB VB VBG PRP IN PRP$ NN , "
831,0,I am really looking forward to going camping,PRP VBP RB VBG RB TO VBG VBG 
1267,1,And I have done certificate for using radio ( VHF ) .,CC PRP VBP VBN NN IN VBG NN -LRB- NNP -RRB- . 
562,0,I was really hungry after the show and was very unhappy .,PRP VBD RB JJ IN DT NN CC VBD RB JJ . 
1317,1,"Between your different activities , I will like to practice :","IN PRP$ JJ NNS , PRP MD VB TO VB : "
686,0,You can choose the price most suitable for you .,PRP MD VB DT NN RBS JJ IN PRP . 
957,1,We can go shopping on Wednesday afternoon at the free time .,PRP MD VB VBG IN NNP NN IN DT JJ NN . 
189,0,I do n't really like staying in tents .,PRP VBP RB RB VB VBG IN NNS . 
975,1,It played an other one who played very bad .,PRP VBD DT JJ NN WP VBD RB JJ . 
699,0,"However , things are recycled from time to time .","RB , NNS VBP VBN IN NN IN NN . "
510,0,I could not get it .,PRP MD RB VB PRP . 
1082,1,Howeve it was great job,RB PRP VBD JJ NN 
474,0,How much money will I need to take ?,WRB JJ NN MD PRP VB TO VB . 
856,0,Everything was ready and I was too .,NN VBD JJ CC PRP VBD RB . 
747,0,Thank you very much for that .,VB PRP RB JJ IN DT . 
252,0,Our homes should just protect us from dangers from outside .,PRP$ NNS MD RB VB PRP IN NNS IN NN . 
21,0,"Dear Sir or Madam ,",JJ NNP CC NNP . 
459,0,"Finally , I 'd like to mention the reasonably-priced weekend ticket .","RB , PRP MD VB TO VB DT JJ NN NN . "
1184,1,"In conclusion , I had an unforgetable time .","IN NN , PRP VBD DT JJ NN . "
276,0,They signed my diary and had their photo taken with me .,PRP VBD PRP$ NN CC VBD PRP$ NN VBN IN PRP . 
955,1,They were very interesting and we liked him so much .,PRP VBP RB JJ CC PRP VBD PRP RB RB . 
1215,1,I had to wait in overcrowded hall .,PRP VBD TO VB IN JJ NN . 
385,0,It is a fact that shopping is not enjoyable .,PRP VBZ DT NN IN NN VBZ RB JJ . 
805,0,Can I change some money at the camp or near it ?,MD PRP VB DT NN IN DT NN CC IN PRP . 
343,0,At that time we were n't getting on with each other .,IN DT NN PRP VBD RB VBG RB IN DT JJ . 
769,0,I would really appreciate it if you could write back .,PRP MD RB VB PRP IN PRP MD VB RB . 
1332,1,I found my parents sitting in a armchair .,PRP VBD PRP$ NNS VBG IN DT NN . 
130,0,I am lucky if I find something which fits .,PRP VBP JJ IN PRP VBP NN WDT VBZ . 
871,0,I hope you understand my complaints .,PRP VBP PRP VBP PRP$ NNS . 
1123,1,I 'm looking forward to hearing soon from you .,PRP VBP VBG RB IN VBG RB IN PRP . 
87,0,I know you have good taste in presents !,PRP VBP PRP VBP JJ NN IN NNS . 
330,0,In fact it started at 20.15 pm without any explanation .,IN NN PRP VBD IN CD NN IN DT NN . 
1238,1,I hope to have news about you as soon as possible,PRP VBP TO VB NN IN PRP RB RB IN JJ 
466,0,These days people are shopping more often than they used to .,DT NNS NNS VBZ VBG RBR RB IN PRP VBD TO . 
121,0,Technology has brought simple solutions to my life .,NN VBD VBN JJ NNS IN PRP$ NN . 
1044,1,"Second , I prefer log cabins than tents .","RB , PRP VBP NN NNS IN NNS . "
1095,1,It provides you all the information you want .,PRP VBZ PRP PDT DT NN PRP VBP . 
1130,1,"Finally , the date of concer came .","RB , DT NN IN NN VBD . "
1294,1,Since that bad experience he never playied with fire again .,IN DT JJ NN PRP RB VBD IN NN RB . 
860,0,Thank you for your last letter .,VBP PRP IN PRP$ JJ NN . 
1126,1,I have n't writen a letter to you for ages .,PRP VBP RB VBN DT NN IN PRP IN NNS . 
